mysqldump: [Warning] Using a password on the command line interface can be insecure.
-- MySQL dump 10.13  Distrib 8.0.26, for Linux (x86_64)
--
-- Host: localhost    Database: buy_doctor
-- ------------------------------------------------------
-- Server version	8.0.26

/*!40101 SET @OLD_CHARACTER_SET_CLIENT=@@CHARACTER_SET_CLIENT */;
/*!40101 SET @OLD_CHARACTER_SET_RESULTS=@@CHARACTER_SET_RESULTS */;
/*!40101 SET @OLD_COLLATION_CONNECTION=@@COLLATION_CONNECTION */;
/*!50503 SET NAMES utf8mb4 */;
/*!40103 SET @OLD_TIME_ZONE=@@TIME_ZONE */;
/*!40103 SET TIME_ZONE='+00:00' */;
/*!40014 SET @OLD_UNIQUE_CHECKS=@@UNIQUE_CHECKS, UNIQUE_CHECKS=0 */;
/*!40014 SET @OLD_FOREIGN_KEY_CHECKS=@@FOREIGN_KEY_CHECKS, FOREIGN_KEY_CHECKS=0 */;
/*!40101 SET @OLD_SQL_MODE=@@SQL_MODE, SQL_MODE='NO_AUTO_VALUE_ON_ZERO' */;
/*!40111 SET @OLD_SQL_NOTES=@@SQL_NOTES, SQL_NOTES=0 */;

--
-- Table structure for table `posts`
--

DROP TABLE IF EXISTS `posts`;
/*!40101 SET @saved_cs_client     = @@character_set_client */;
/*!50503 SET character_set_client = utf8mb4 */;
CREATE TABLE `posts` (
  `id` int NOT NULL AUTO_INCREMENT,
  `title` varchar(256) COLLATE utf8mb4_unicode_ci NOT NULL,
  `date` datetime NOT NULL,
  `content` text COLLATE utf8mb4_unicode_ci,
  `is_image_exist` tinyint(1) NOT NULL DEFAULT '0',
  `hash` varchar(100) COLLATE utf8mb4_unicode_ci NOT NULL,
  `is_notified` tinyint(1) NOT NULL DEFAULT '0',
  `updated_at` datetime NOT NULL,
  `site_id` int DEFAULT NULL,
  `created_at` datetime NOT NULL,
  `link` varchar(1024) COLLATE utf8mb4_unicode_ci NOT NULL,
  PRIMARY KEY (`id`),
  UNIQUE KEY `hash` (`hash`),
  KEY `is_notified` (`is_notified`),
  KEY `site_id` (`site_id`),
  CONSTRAINT `posts_ibfk_1` FOREIGN KEY (`site_id`) REFERENCES `sites` (`id`) ON DELETE SET NULL ON UPDATE CASCADE
) ENGINE=InnoDB AUTO_INCREMENT=85 DEFAULT CHARSET=utf8mb4 COLLATE=utf8mb4_unicode_ci;
/*!40101 SET character_set_client = @saved_cs_client */;

--
-- Dumping data for table `posts`
--

LOCK TABLES `posts` WRITE;
/*!40000 ALTER TABLE `posts` DISABLE KEYS */;
INSERT INTO `posts` VALUES (1,' < 새알 > Team T-FORCE VULCAN Z 64GB (2 x 32GB)','2020-09-22 15:07:00','16 18 18 38 1.35v \n64g입니다\n이외에도 199.99 여러개 잇으나 타이밍이 구려서 안올립니다\n필요하신분만 사세여 \namd는 제 클럭이 안나온다는 리플도 잇엇습니다',0,'0bb49186e2544196de1c66c89bbcb3707fc34cfc',1,'2020-09-24 15:19:08',1,'2020-09-22 22:05:48','http://cooln.net/bbs/jirum/1480970?page=1'),(2,'네이버 스마트스토어 선진팜 소세지이벤트','2020-09-22 12:29:00','선진팜!!캠핑용소세지!!400그램!!빠르게!!',0,'26a8f7a105d6be3da8e71af06280a71bed06a719',1,'2020-09-24 15:19:08',1,'2020-09-22 22:05:51','http://cooln.net/bbs/jirum/1480932?page=1'),(3,'[네이버-에어메이드]아이쿡 AF-356MS 에어프라이어(65150원/무배)','2020-09-22 11:06:00','[네이버-에어메이드]아이쿡 AF-356MS 에어프라이어(65150원/무배)\n.\n용량8 리터 (듀얼모드 3.5 L/  4.5 L)\n.\n금액 : 99, 000원 → 65, 150원(+사은품증정)\n                                                                                                             .\n                                                                                                             99000원(\n                                                                                                                 기존판매가) ->\n                    79000원(-2만원런칭특별할인)\n    -> 67150원(추석특가15 % 할인 - 11, 850원) -> 65150원(스토어찜할인2천원)\n                                                                                                             .\n                                                                                                             추석맞이 특별세일 9/12~9/22 이벤트인데..\n오늘이 마지막날.. 뒤늦게 봄.\n\n링크 : https://smartstore.naver.com/twostarstore/products/5091062936\n \n.\n기존에 10 리터짜리 이상한거 샀었는데, , ,\n        이건 좋아보여서 할머니 선물로 사드려야겠어요.\n추천겸 올립니담',0,'74a95e9bd6165b324427ee169586a13a4162ea70',1,'2020-09-24 15:19:08',1,'2020-09-22 22:05:55','http://cooln.net/bbs/jirum/1480909?page=1'),(4,'[11번가] 프나틱기어 스트릭 체리 RGB 키보드 [99, 000 / 무배]','2020-09-22 11:04:00','예전에 미니 스트릭 갈축 타건해보고 사고 싶었던 키보드인데\n11번가에서 스트릭 41% 세일하네요. 작년 블프 때 가격이랑 비슷합니다.\n10월4일까지 할인기간이고\n축은 청축, 적축, 갈축있습니다 마침 마우스도 프나틱 플릭2였는데 깔맞춤하게 되는군요\n\n \n+밑에 컬쳐 적용하면 10만원 충전해서 92, 300원에 구매가능하네요 실감가는 91, 300원입니다.\n    11번가는 컬쳐랜드 홈페이지타고 접속하시면 컬쳐로 결제 가능하네요. 배송 중에 추가할인정보 알게됐습니다... 흑흑',0,'b141cc59c285045d3079ab7d3b9ef938667aea90',1,'2020-09-24 15:19:08',1,'2020-09-22 22:05:58','http://cooln.net/bbs/jirum/1480906?page=1'),(5,'[옥션] 마이크론 MX500 1TB SSD [159, 000 / 무배]','2020-09-22 09:59:00','그게 떴네요\n \n질르러 갑니다',0,'62ee345a3b7dfcfe308f734309eef371ed6f460f',1,'2020-09-24 15:19:08',1,'2020-09-22 22:06:02','http://cooln.net/bbs/jirum/1480880?page=1'),(6,'[Amazon] Sabrent 1TB Rocket NVMe 4.0 Gen4 ($159.98/미국내FS)','2020-09-22 03:42:00','왜 이게 아직 안올라왔는지 의문입니다만..\n \nPCIe 4.0 NVMe SSD가 DoD로 떴습니다.\n가격은 1TB에 159.98불이며, 히트싱크 모델은 179.98불(쿠폰 클립 필요) 입니다.\n \n국내 직배도 가능하지만 +10불이므로 그냥 배송대행지 이용하시어 고정배송비 5불로 해치우는 것이 좋을 듯 합니다.\n \n저는 이미 이번에 신한카드 이벤트로 기가바이트 제품을 구매해버려서 이번에는 탑승이 불가능합니다만, 가격적으로 상당히 매리트가 있어보여서 올리게 되었습니다.\n \n사진은 모바일이라 내일 다시 수정하든지 아니면 말던지 하겠습니다.\n \nPS: 아주 쓰레기같은 QLC 2TB NVMe 제품도 199.99에 팔긴 합니다.',0,'bc259170281256a4c28007ff1c31f989eb806db5',1,'2020-09-24 15:19:08',1,'2020-09-22 22:06:07','http://cooln.net/bbs/jirum/1480852?page=1'),(7,'[11번가]화웨이 MateBook D15 메이트북 D15/AMD Ryzen5/SSD 256G/15.6인치/Win10 탑재(49…','2020-09-21 21:38:00','엄청 싸긴 한데..화웨이입니다.',0,'42ef6ce1d20e2826f3bc0ad5ee7aa57b7571f633',1,'2020-09-24 15:19:08',1,'2020-09-22 22:06:12','http://cooln.net/bbs/jirum/1480757?page=1'),(8,'[위비멤버스앱] GS25 모바일상품권 1만원권/2만원권(8000원/무료)','2020-09-21 17:54:00','[위비멤버스앱] GS25 모바일상품권 1만원권/2만원권(8000원/무료)\n \n옆에서 퍼왔습니다.',0,'8c3ac8331762d80ebf19b69f7d91c9da92c44a02',1,'2020-09-24 15:19:08',1,'2020-09-22 22:06:16','http://cooln.net/bbs/jirum/1480721?page=1'),(9,'[새알] G.SKILL Ripjaws V 4000 CL15 (143.99)','2020-09-21 16:56:00','지스킬 쿠폰코드 풀렸네요.\n\nEMCDRFG22\n입니다.',0,'81aa6597a89747286921f4d326b050ea86c6ee92',1,'2020-09-24 15:19:08',1,'2020-09-22 22:06:20','http://cooln.net/bbs/jirum/1480699?page=1'),(10,'롯데리아 치킨버거 3개 5, 000원 ','2020-09-21 13:26:00','',0,'be77be3c3320667c1c4008a4e609c7aabd4b3844',1,'2020-09-24 15:19:08',1,'2020-09-22 22:06:23','http://cooln.net/bbs/jirum/1480648?page=1'),(11,'[amazon] Corsair QL120 White $104.97 낙타최저가','2020-09-21 11:16:00','싼데비싸지만 낙타최저가라 가져와봤읍니다.\n국내정발 3팩번들 17만7천원가량 하고.. 직구시 13~14만가량 되는듯하네요\n \nLED가 앞뒤 합쳐서 34개가 박힌 그야말로 커세어 RGB뽕의 정점인 팬인듯..\n기존 LL120이 앞면위주로 LED가 박혔다면 \n얘는 앞뒷면 모두 박혀서 뒤집어져도 볼만한 팬이라고 볼수있는듯하네요\n화이트 갬성뽕하실분들은 고려해볼만한 팬인듯..\n \n라디팬으로 LL120 White 모델 할인정보 알아보려다가 이게 덩달아 떠서 찾았네요\n \n주의) 10월 1일에 입고예정이긴 합니다만..현재까진 해당 가격으로 백오더 가능한 상태라 올립니다.',0,'01c34be747e96fa9e35432437b8b85b1e1a76ea1',1,'2020-09-24 15:19:08',1,'2020-09-22 22:06:27','http://cooln.net/bbs/jirum/1480612?page=1'),(12,'[버거킹]와퍼만 3500, 더블와퍼 5500, 치즈와퍼 4100원','2020-09-21 09:57:00','할인이 어째 좀 이상하지만 \n불고기와퍼도 3500 원 인거같습니다,\n        제외 매장 확인 하세요',0,'5b65d85314c302687944b7714c253a4e528370aa',1,'2020-09-24 15:19:08',1,'2020-09-22 22:06:32','http://cooln.net/bbs/jirum/1480589?page=1'),(13,'[G마켓] 씨게이트 외장 SSD 1TB [108, 000 / 무배)','2020-09-21 09:32:00','가격 괜찮아보여서 가져왔어요',0,'1501237d5ec043e2cfbde95ff5eea2a3fb4aa827',1,'2020-09-24 15:19:08',1,'2020-09-22 22:06:36','http://cooln.net/bbs/jirum/1480577?page=1'),(14,'[티몬] 컬쳐랜드 5만원 (46150/무료)','2020-09-21 00:33:00','8퍼는 아니지만 나올지 안나올지 모르니 그냥 맘편히 있을때 지르는것도 괜찮을듯 싶네요.',0,'fb6a966a915eaf83898257803b47c46680d00a41',1,'2020-09-24 15:19:08',1,'2020-09-22 22:06:39','http://cooln.net/bbs/jirum/1480526?page=1'),(15,'[뉴에그] 지스킬 립죠스 4000 cl15 ($159.99)','2020-09-20 23:46:00','G.SKILL Ripjaws V Series 16GB (2 x 8GB) 288-Pin DDR4 SDRAM DDR4 4000 (PC4 32000) Intel XMP 2.0 Desktop Memory Model F4-4000C15D-16GVK',0,'aec18ca511abe829b250320235c6ccb57b288f76',1,'2020-09-24 15:19:08',1,'2020-09-22 22:06:43','http://cooln.net/bbs/jirum/1480517?page=1'),(16,'[G9] 중국산 MB필터 3중 덴탈 마스크 50매 2, 190원 무배','2020-09-20 19:25:00','배송비도 안될거 같은 2, 190원 중국산 덴탈 마스크입니다.\n \n집에 들어 왔다가 잠깐 나가야 할때 비싼 마스크 새로 꺼내 쓰기 아까워서 찾아 보니 이런게 있더군요.\n \n가격 잘 못 올린건 아닌거 같습니다. \n \n제가 2개 주문해서 2박스 100개 받았거든요. ^^\n \n퇴근 후 잠깐 편의점이나 테이크아웃 음식점에 음식사러 갈때 쓸 저렴이 마스크 추천이었습니다.',0,'b0e8c7b583959f17ab093363577eaa3c0b36af20',1,'2020-09-24 15:19:08',1,'2020-09-22 22:06:49','http://cooln.net/bbs/jirum/1480476?page=1'),(17,'[스팀]라이프 이즈 스트레인지 2 ep1.무료 (가격0원)(Life is Strange 2)','2020-09-20 11:58:00','[스팀]라이프 이즈 스트레인지 2 ep1.무료 (가격0원)(Life is Strange 2)\nhttps://store.steampowered.com/agecheck/app/532210/\n.\n다운로드 가능 기간 :  9/20~ 9/26  - 7일간 가능\n.\n스팀(steam)에서 11개의 수상 격력이 있는 \"라이프 이즈 스트레인지 2 Episode 1\"를\n 9월 26일 오전 7시까지 무료로 배포하고 있습니다. \n관심 있으신 분은 아래 링크를 참고하시면 됩니다.',0,'e774d40fa8136bcc450c1bed8678dd81de270510',1,'2020-09-24 15:19:08',1,'2020-09-22 22:06:52','http://cooln.net/bbs/jirum/1480436?page=1'),(18,'판매종료(티몬) 면기4p+젓가락4p 세트 8900/0','2020-09-19 21:20:00','면기 알아보던 중 다이소보다 싼거같아 올립니다.\n \n콜링우드 그래도 싸구려는 아닌데 엄청 저렴하게 나왔네요.\n \n10시까지니까 40분남았습니다',0,'f38770e93bcd457e0b9da1d526e91273d8c79348',1,'2020-09-24 15:19:08',1,'2020-09-22 22:06:56','http://cooln.net/bbs/jirum/1480372?page=1'),(19,'(G마켓) 정관장 에브리타임밸런스 30포 35450/0 스클/삼카','2020-09-19 21:07:00','추석 선물용 역대가인것 같아서 올려요 스클x삼카기준입니다.\n정관장 치고 매우 저렴하지만 브랜드값x선물포장값 뻥튀기가 심한 제품이니 개인 섭취용으로는 풍기도깨비 홍삼스틱도 추천드립니다.',0,'755c5f83cab47fbbc562e04cb129b7444586a8f3',1,'2020-09-24 15:19:08',1,'2020-09-22 22:07:00','http://cooln.net/bbs/jirum/1480371?page=1'),(20,'[지마켓]샤오미 미밴드5 (44000원-> 33000원)25%할인 최저가','2020-09-19 18:00:00','[지마켓]샤오미 미밴드5 (44000원-> 33000원)25%할인 최저가\n.\n샤오미 지마켓 링크 : http://item.gmarket.co.kr/Item?goodsCode=1863447889\n\n화면 우측 쿠폰란 누르면- 20%할인 쿠폰(44000원의 20% = 8800원 할인)\n.\n.\n중복 5%할인 구매 링크 : http://rpp.gmarket.co.kr/?exhib=33293\n(44000원의 5%할인 = 2200원 할인)\n.\n==============\n스마일 클럽 있으면 총 20%+5%= 25%할인 = 11000원 할인\n스마일 클럽 없다면 총 15%+5%= 20%할인 = 8800원 할인',0,'5f5bcd0ef49ae3bc273a089304411380e513a883',1,'2020-09-24 15:19:08',1,'2020-09-22 22:07:04','http://cooln.net/bbs/jirum/1480327?page=1'),(21,'[G마켓] 보쉬 고 BOSCH GO2 전동 충전 드라이버 2세대 세트(45,040원/무배)','2020-09-19 00:31:00','올해 에어컨 조립하며, 십자드라이버 하나로 땀뻘뻘흘리며 전동드라이버 하나 있었으면 얼마나 좋을까란 생각을 했는데\n여름다지나고 이제 가을이 오고나니 이렇게 좋은딜이 떳네요ㅎㅎㅎ\n \n일단 인팩드라이버같은 파워풀한 파워를 가지고 있는 제품은 아니지만 보쉬라는 네임벨류와 실사용자들의 무한 신뢰충선으로인해 \n믿음이 가 저는 고민없이 주문했습니다.\n \n후기글보니 1단계부터 6단계까지 파워조절이되는데 5~6단계는 일반가정집에서 사용안해도 될 만큼 파워가 좋다고하네요.\n거기에 마이크로USB 충전방식이라 사용성도 나쁘지않을것같습니다.\n \n해외배송이라 추석연휴끼고 주말제외되고 하면 2주정도 잡아야한다는 단점말고는 제품에 대한 단점은 크게 없을것같네요.\n저는 컴퓨터 조립이나 간단한 가구조립용도로 사용할거라 스펙이 오버스펙이다만, 저와 다르게 좀더 하드한 제품을 찾으신다면 \n다른 좋은 제품들도 많으니 나중에 좋은딜 뜨면 다시 찾아뵙겠습니다ㅎ\n \n20% 추석세일쿠폰 적용시 45,040원(스마일클럽기준) 이며, 일반사용자는 여기서 1000~1500원 정도 더비싼가격에 구매가능합니다.\n \nOK캐쉬백경유하시고 스마일캐시로 구매하시면 체감가는 더 떨어지네요 ^^\n \n \n \n \n-하나 걸리는게 보쉬제품을 샤오미마켓에서 판매하는게 조금 신기하네요.   \n \n해당제품은 1세대 개선버전인 2세대 제품입니다.',0,'a4610ef7147de16002aa6b9a931bab654cf578ff',1,'2020-09-24 15:19:08',1,'2020-09-22 22:07:08','http://cooln.net/bbs/jirum/1480228?page=1'),(22,'[지마켓] 갤럭시탭 S7, S7+ (724,520원/무배)','2020-09-18 17:49:00','지마켓 빅세일에 갤럭시탭 S7이 포함되지 않아서 역시 빅호구데이인가 했는데..\n갤럭시 브랜드 위크로 운영 하는 듯 합니다. 사전예약 판매 이후 제일 저렴한 것으로 보입니다.\n다나와 기준 현금가 이하로 내려가네요. 여기에 스마일캐시 적용 가능하니 개꿀..\n행사 품목 전부 블랙 모델만 있습니다.\n \n \n@ 갤럭시탭S7 11.0 SM-T870 128G WIFI 블랙\nhttp://item.gmarket.co.kr/DetailView/Item.asp?goodsCode=1863234871 \n\n\n\n공식가 829,400 - 일반 3% - 중복 8만원 = 724,520원\n컬쳐 8% 기준 결제 시 666,560원\nOK 캐시백 경유 시 1.5% 적립 10,000원\n해피머니 10,000원 지급\n \n \n@ 갤럭시탭S7 11.0 SM-T870 256G WIFI 블랙\nhttp://item.gmarket.co.kr/DetailView/Item.asp?goodsCode=1863243317\n \n공식가 899,800 - 일반 3% - 중복 8만원 = 792,810원\n컬쳐 8% 기준 결제 시 729,390원\nOK 캐시백 경유 시 1.5% 적립 10,940원\n해피머니 10,000원 지급\n\n \n@ 갤럭시탭S7+ 12.4 SM-T970 256G WIFI 블랙\nhttp://item.gmarket.co.kr/DetailView/Item.asp?goodsCode=1874239415 \n\n공식가 1,149,500 - 일반 3% - 중복 10만원 = 1,015,020원\n컬쳐 8% 기준 결제 시 933,820원\nOK 캐시백 경유 시 1.5% 적립 14,010원\n해피머니 10,000원 지급\n\n \n@ 갤럭시탭S7+ 12.4 SM-T975 256G LTE 블랙\nhttp://item.gmarket.co.kr/DetailView/Item.asp?goodsCode=1849035538 \n\n공식가 1,149,500 - 일반 3% - 중복 10만원 = 1,112,120원\n컬쳐 8% 기준 결제 시 1,023,150원\nOK 캐시백 경유 시 1.5% 적립 15,340원\n해피머니 10,000원 지급\n \n \n틀린 부분 있으면 말씀해주세요!\n \n \n[구매 방법]\n \n \n1-1. 구매 링크의 기획전에 가서 S7 / S7+ 중 해당 모델 쿠폰 다운로드\n\n\n \n \n1-2. 혹은 상품 페이지 들어가서 쿠폰받기 클릭하면 다운 가능한 쿠폰이 보입니다.\n \n\n \n \n2. 일반쿠폰 3% + 중복쿠폰 S7 8 or S7+ 10만원 적용\n \n\n \n오케이캐시백 경유는 오케이캐시백 어플에서,\n그냥 구매 시 쿠폰 적용은 직접 구매 시에만 가능합니다.(지마켓 앱 활용)\n\n녹조나 휨 현상 없으면 전설의 명기가 됐을텐데.. 흡',0,'a4d7b36530f8496594d697235f56ad6fe7aeaedd',1,'2020-09-24 15:19:08',1,'2020-09-22 22:07:12','http://cooln.net/bbs/jirum/1480056?page=1'),(23,'[위메프] HP OMEN 27i 27인치 QHD 게이밍모니터 (499,000/무배)','2020-09-18 17:18:00','위메프에서 쿠폰 바로 적용하면 562,820 -> 499,000됩니다.\n \n게이밍모니터 알아보시던 분들 참고하시길 바랍니다.',0,'396aa289a6acfe268d714a0674f77e80f109191a',1,'2020-09-24 15:19:08',1,'2020-09-22 22:10:57','http://cooln.net/bbs/jirum/1480038?page=2'),(24,'[G마켓] 애플 에어팟프로 (299,810원/무료) 스마일클럽+카드간편결제시 224,820원','2020-09-18 17:17:00','http://www.ppomppu.co.kr/zboard/view.php?id=ppomppu&no=365716\n옆동네 펌입니다.\n\n애플 에어팟 프로 빅세일 20%할인+cjmall5% 추가할인해서 23.4만인데.\n \n삼성카드 간편결제시 만원 빠져서 최종 224,820원입니다.\n \n재고계속 푸는거 같은데, 수량은 충분해 보이네요.',0,'505ee6841e0327e3ce8eaa8f23cc698a02591346',1,'2020-09-24 15:19:08',1,'2020-09-22 22:11:02','http://cooln.net/bbs/jirum/1480037?page=2'),(25,'새알>g.skill 3200 64 16×4 16 18 18 38 1.35','2020-09-18 15:01:00','필요하신분만 사세여 관세내 199.99\n16 18 18 38 1.35  \n뉴에그 앱에서 확인하세요 풀레이스토어 거서 받우시면됩니다',0,'dd480ab1931a337e449b58fa297baa486fafe1cf',1,'2020-09-24 15:19:08',1,'2020-09-22 22:11:06','http://cooln.net/bbs/jirum/1479965?page=2'),(26,'[아마존] 하나카드 최대 1만원 캐시백+$20 즉시 할인쿠폰','2020-09-18 12:20:00','대상 : 하나 mastercard 소지자\n기간 : 2020.9.15 ~ 2020.10.14\n혜택 : $20 즉시 할인쿠폰 및 10만원 이상 5천원 & 20만원 이상 사용시 1만원 캐쉬백 (선착순 3500명)\n링크 : https://m.global.hanacard.co.kr/GMHBDR110M.web?EVN_SEQ=31023 \n \n \n*주의사항\n링크 타고 20달러 쿠폰 받으시고 반드시 하나 카드 공홈 or 어플 통해서 \"아마존 바로가기\" 통해서 아마존 접속 후 구매하셔야 됩니다.',0,'36a75fdcea9966397e4c3038bb24bb013a11e3fc',1,'2020-09-24 15:19:08',1,'2020-09-22 22:11:10','http://cooln.net/bbs/jirum/1479887?page=2'),(27,'네이버 자산연동, 100원 보내고 500원 6번 받자 (총1만)','2020-09-18 12:17:00','1] https://new-m.pay.naver.com/mymoney \n\n네이버 자산연동 이벤트 입니다. 신규로 연동할 경우 바로 네이버 포인트 5000 포인트 들어옵니다\n\n- 추천과 상관없이 가입즉시 들어옵니다.\n- 연동후 이벤트란 자세히 보면 계좌개설시 추가 2000원 적립해 줍니다.\n\n------------------------------------------------------------------------------------------------------------------------- \n \n2] https://m-campaign.naver.com/gift/#point\n\n- 100원 보내고 500원 총 6번을 받는 이벤트 입니다.\n- 이 게시물 댓글통해 서로 추천인 모집해서 3000원 받으시면 되고요, 이렇게 해서 총 15000원 되겠네요\n- 한 폰에서 여러 id 참여할 경우 꼬입니다. 해결법은 댓글에 남기겠습니다.',0,'682210715175b54548d65c8ba70c048720777a80',1,'2020-09-24 15:19:08',1,'2020-09-22 22:11:16','http://cooln.net/bbs/jirum/1479886?page=2'),(28,'[에픽게임즈]  Watch Dogs 2 도 무료로 풀렸네요. [무료]','2020-09-18 00:20:00','Watch Dogs 2 도 무료로 풀렸네요 받아가세요.\n \n밑으로 좀 내리시면 스탠다드 버전 무료입니다.',0,'effd6095f6aacd37207e881c86dcdba565c44d6c',1,'2020-09-24 15:19:08',1,'2020-09-22 22:11:19','http://cooln.net/bbs/jirum/1479770?page=2'),(29,'종료로펑합니다','2020-09-18 00:18:00','평판이 좋진 않고 이상해서 펑합니다',0,'0b0d05a67ed0a377a2983a3957fc0e3bf5726dee',1,'2020-09-24 15:19:08',1,'2020-09-22 22:11:25','http://cooln.net/bbs/jirum/1479766?page=2'),(30,'[에픽게임즈] Football Manager 2020 [무료]','2020-09-18 00:15:00','에픽게임즈에서 풋볼매니저2020 무료로 풀고있습니다.\n \n \n받아들 가셔요!',0,'8342057f7d943f280bf2f10ac33c2da0218fc6bb',1,'2020-09-24 15:19:08',1,'2020-09-22 22:11:31','http://cooln.net/bbs/jirum/1479763?page=2'),(31,'[11번가] RTX 3080 3%쿠폰 및 컬러풀 3080 추첨 이벤트(100원딜)','2020-09-17 23:31:00','11번가도 라인업별로 준비하는듯하네요\n \n일단 의미없는 3% 쿠폰이지만 쟁겨놓고 대기타야되겠습니다\n \nhttp://www.11st.co.kr/plan/front/exhibitions/2043068/detail \n \n\n \n \n추가로 아래 컬러풀 100원딜 추첨인데 그냥 기부한다 생각하고 신청해뒀네요\n \nhttp://www.11st.co.kr/products/3042572327?trTypeCd=03&trCtgrNo=2043068\n \n\n \n++++추가로 위메프도 100원딜하네요 sk pay 가입 안되있으신분들은 여기로 해보세요~\n \n https://front.wemakeprice.com/product/1299063420?search_keyword=rtx%25203080&_service=5&_no=2',0,'18a79f92180eb908b1c85bb1f6684cfd80c78438',1,'2020-09-24 15:19:08',1,'2020-09-22 22:11:38','http://cooln.net/bbs/jirum/1479748?page=2'),(32,'[다양] RTX 3080 금일(17일) 밤 10시 판매처','2020-09-17 20:16:00','RTX 3080 판매가 금일 밤 10시부터 이루어지네요.\n \n\n1. 에이수스 TUF Gaming 지포스 그래픽카드 RTX3080 D6X 10GB (989,000원)\n \nhttps://www.coupang.com/vp/products/2118640055?itemId=3597096921&vendorItemId=71582822963&src=1139000&spec=10799999&addtag=400&ctag=2118640055&lptag=AF4335125&itime=20200917195835&pageType=PRODUCT&pageValue=2118640055&wPcid=16003402645926475899836&wRef=&wTime=20200917195835&redirect=landing&traceid=V0-606-bc48792ef83ed658&subid=malltail&subparam=\n \n2. 이엠텍 지포스 RTX 3080 BLACK EDITION OC D6X 10GB (939,000원)\n \nhttps://www.ibuycom.com/goods/goods_view.php?goodsNo=1000000743&mtn=17%5E%7C%5EMD%27S+PICK%5E%7C%5En\n \n3. EVGA 지포스 RTX 3080 XC3 ULTRA GAMING (가격모름)\n \nhttp://evga.kr/goods/goods_view.php?goodsNo=1000000430&mtn=2%5E%7C%5E%EC%B6%94%EC%B2%9C%EC%83%81%ED%92%88%5E%7C%5En\n \n \n 구매에 참고하시길 바랍니다.',0,'aec9d3dc1aa605e1707583e8f9e3e22554cad98e',1,'2020-09-24 15:19:08',1,'2020-09-22 22:11:44','http://cooln.net/bbs/jirum/1479698?page=2'),(33,'[스팀] 3D Mark 85% 할인 / 4,650원 삼디막','2020-09-17 17:32:00','그래픽카드 3천번대 시리즈 출시가 임박해서 그런지 삼디막도 할인에 들어갔습니다\n  \nhttps://store.steampowered.com/app/223850/3DMark/',0,'619172e8aed8f1b0750c9fe196244c90951d3fb2',1,'2020-09-24 15:19:08',1,'2020-09-22 22:11:50','http://cooln.net/bbs/jirum/1479655?page=2'),(34,'스팀 Ori and the Will of the Wisps 25% 할인','2020-09-17 17:17:00','최근 얼마대까지 할인이 있었는지는 모르겠으나\n제 찜 목록에 할인이 떠서 공유드립니다 ㅎㅎ',0,'e72ff5d525d35f10f9378387b7ed684607e72538',1,'2020-09-24 15:19:08',1,'2020-09-22 22:11:53','http://cooln.net/bbs/jirum/1479648?page=2'),(35,'[AMAZON]SK hynix Gold S31 1TB 3D NAND 2.5 SSD [배대지 필수] ($83.19)','2020-09-17 16:51:00','아쉽지만 P31이 아닌 S31...\n2.5인치 SATA SSD 1T \n고정배대지 비용까지 하면 약 10만원 초반 나올듯',0,'45f4ffcb318c45416a64a3ad43dd8b2695b5fdf2',1,'2020-09-24 15:19:08',1,'2020-09-22 22:11:58','http://cooln.net/bbs/jirum/1479632?page=2'),(36,'물티슈 12팩 천원!!!','2020-09-17 15:23:00','와이프가 링크줘서 구매하고 글 바로 올립니다\n \n선착 만명이래요\n \n택배포함가 천원 달리세요',0,'97f281d7f0b914bbf308c62acd324def4a8c1080',1,'2020-09-24 15:19:08',1,'2020-09-22 22:12:02','http://cooln.net/bbs/jirum/1479596?page=2'),(37,'[11번가] 더포르미 다이어트 도시락 12팩 +2팩  (34,900원/무료배송)','2020-09-17 13:01:00','추석 할인 쿠폰과 장바구니 쿠폰(자동적용) 적용시,\n \n \n\n   12팩 34,900원에 구입가능합니다.\n \n여기에 추가 1팩 및 다른 도시락 1팩까지\n총 2팩을 사은품으로 추가 제공하니 나쁘지 않은 딜입니다. \n \n다이어트 도시락 가격대가 비슷비슷한데, 어떤 종류이든 2000원대에 구매할 수 있으면 좋은 딜이라고 생각합니다.\n다이어트 도시락은 회사마다 양이 장점인 제품도 있고, 맛이 장점인 제품 등 다양합니다.\n\n저는 맛이 괜찮아서 이 제품을 애용하고 있는데,\n양이 중요하다 생각하는 분들께서는 다른 제품을 보시는 게 좋을 거 같네요.\n \n그리고 한끼 대용으로 이 제품을 보신다면,\n어디까지나 상대적으로 낫다는 거지.\n본도시락, 편의점 도시락 맛을 생각하시면 안됩니다\n따라서 다이어트 목적이 아니라면 다른 제품 권해드립니다.\n \n좋은 하루 되세요~\n \n+ 제품 처음 이용하시는 분은 \"흑현미\" 제품 추천합니다\n귀리나 강황은.. 흑현미보다 식감이 재미없습니다(?)\n저도 흑현미만 시켜요..',0,'e224175a2372b09cf643d62963adef0fe0821f9a',1,'2020-09-24 15:19:08',1,'2020-09-22 22:12:06','http://cooln.net/bbs/jirum/1479549?page=2'),(38,'[Amazon] Intel Core i9-10980XE ($741.59)','2020-09-17 12:50:00','새벽까지만 해도 재고가 있었는데\n\n현재는 백오더로 들어갔습니다.\n\n가격이 너무 좋아서, 가격오류인가 의심도 했습니다.\n\n직배가능이며, Deposit 포함하여 약 $886 (1,040,000원) 정도 나옵니다.\n\n(*New (5) from $741.59 눌러서 보세요. $852.95는 Triplenet Pricing INC 셀러입니다)\n \n \n\n\n\n \n \n현재 다나와 최저가 기준 1,390,000원 입니다.\n\n35만원 정도 싸게 구입이 가능합니다.\n\n인텔 10980XE 의 MSRP가 $979인데 상당히 좋은 가격입니다.',0,'b01c9c731c65e7d993e9706564f7bd1a4fab0517',1,'2020-09-24 15:19:08',1,'2020-09-22 22:12:10','http://cooln.net/bbs/jirum/1479544?page=2'),(39,'[플레이스토어]프리미엄 타워 디펜스 게임 RPG (1,100->무료)/9/17~9/20','2020-09-17 12:16:00','[플레이스토어]프리미엄 타워 디펜스 게임 RPG (1,100->무료)/9/17~9/20\n\n.\n﻿[플레이스토어] \nEmpire Warriors TD Premium\n: 프리미엄 타워 디펜스 게임 RPG \n(1,100->무료)\n.\n 구글 플레이스토어에서 ﻿100만 명 이상 다운로드하고 4.4의 평정을 받은 \"Empire Warriors TD Premium: \n프리미엄 타워 디펜스 게임 RPG\"을 9월 20일까지 무료로 판매하고 있습니다.\n\nhttps://play.google.com/store/apps/details?id=com.zitga.empire.warriors.td.tower.defense',0,'6ca049ddaf5aa16e3221bec27857e502759e4443',1,'2020-09-24 15:19:08',1,'2020-09-22 22:12:14','http://cooln.net/bbs/jirum/1479536?page=2'),(40,'[보성차엑스포] 녹차, 홍차등 차 종류 50% 할인','2020-09-17 10:40:00','코로나때문에 보성세계차엑스포를 온라인으로 한다고 하네요 \n \n평소에 차 좋아하시는분들은 행사때 50%로 사셔도 좋을것 같습니다',0,'d713e68e5b2e36a24900abfe4d84dbb6cd2a9fe7',1,'2020-09-24 15:19:08',1,'2020-09-22 22:12:18','http://cooln.net/bbs/jirum/1479522?page=2'),(41,'[G마켓] 머지포인트10만원권 90,000원','2020-09-17 08:07:00','[G마켓] 머지포인트10만원권 90,000원\n지마켓 : http://item.gmarket.co.kr/Item?goodscode=1884709910\n옥션 : \nhttp://itempage3.auction.co.kr/DetailView.aspx?itemno=B908982194&&BCODE=BN00005550&ck=&sn=&igaw_eng=&airbridge_referrer=&appgate_guid=\n ---------------\n추가사항으로 옥션, 지마켓의 스마일캐시로 구매가능합니다.\n문상으로 스마일캐시 충전한뒤에...  머지포인트 구매하시면 15~20%할인가로 구매가능\n \n-------------------------------------\n추가 매장들이 많이 들어와서.. 금액이 오른상태입니다.\n그래도 10%할인 가성비 짱입니다 ㅎㅎㅎ',0,'3d76a9cd79e6170ee004b4bfc819726880a651bf',1,'2020-09-24 15:19:08',1,'2020-09-22 22:12:22','http://cooln.net/bbs/jirum/1479481?page=2'),(42,'[티몬][CJ기프트카드] 올리브영/투썸플레이스(2만->1.7만)','2020-09-17 08:02:00','[티몬][CJ기프트카드] 올리브영/투썸플레이스(2만->1.85만)\n현재  2만원 -> 18500원  (7.5% 할인)\n여기서 toss,  나  카카오페이 결제시.. 7% 추가 중복할인가능\n총 14.5%  할인받고 구매가능\n \nhttp://www.tmon.co.kr/deal/4374482770?utm_source=AP_ppomppu&utm_medium=AP_ppomppu&utm_term=AP_ppomppu&utm_content=AP_ppomppu&utm_campaign=AP_ppomppu\n \n \n\n \n \n\n\n \n\n \nhttp://www.tmon.co.kr/deal/4374482770?utm_source=AP_ppomppu&utm_medium=AP_ppomppu&utm_term=AP_ppomppu&utm_content=AP_ppomppu&utm_campaign=AP_ppomppu',0,'f4b97089c931fd62743c951fbfd84403ea5cdffd',1,'2020-09-24 15:19:09',1,'2020-09-22 22:12:26','http://cooln.net/bbs/jirum/1479480?page=2'),(43,'[뉴에그] $186.99 Crucial Ballistix Elite 4000 MHz 32GB (8GBx4) CL18','2020-09-17 02:28:00','Crucial Ballistix Elite 4000 MHz DDR4 DRAM Desktop Gaming Memory Kit 32GB (8GBx4) CL18\nhttps://www.newegg.com/ballistix-32gb-288-pin-ddr4-sdram/p/N82E16820164154\n \nCrucial DDR4 4000MHz CL18 쿼드킷입니다.\n마이크론 램이기는 하나 적당히 가지고 놀다 XMP로 써도 좋은 딜이라 생각합니다.\n \n최근 품절이었다가 방금 입고 되었네요. \n \n감성보다 실리를 추구하시는 분들에게 좋을 것 같습니다.\n \n댓글로 링크 걸었습니다. 관심있으신 분들은 댓글 링크 타시면 될 것 같습니다.',0,'6e639e2e43f1fbb51be1361b38090225e2fed54e',1,'2020-09-24 15:19:09',1,'2020-09-22 22:12:30','http://cooln.net/bbs/jirum/1479469?page=2'),(44,'(인터파크) 코카콜라제로 355x24 12900/무배','2020-09-17 00:29:00','인생날 15000이상 2500쿠폰 다운로드 후 어플에서 적용하시면 12900원, 현대카드 M포인트 50퍼적용가능하며\n페이코결제 타겟쿠폰(페이코 인터파크 첫결제?) 3000원적용시 9900원 입니다.',0,'ae2c8348bae4087b325749f0970409c9f8fa8225',1,'2020-09-24 15:19:09',1,'2020-09-22 22:12:35','http://cooln.net/bbs/jirum/1479450?page=2'),(45,'[쿠팡] ASUS RTX 3080 TUF 사전예약 989000원 [일시품절]','2020-09-16 20:24:00','https://www.coupang.com/vp/products/2118640055?itemId=3597096921&vendorItemId=71582822963&isAddedCart=\n \n쿠팡이 아이폰에 이어서 그래픽카드도 판매하네요.\n \n일단 TUF만 있고 STRIX나 ROG는 없는 것 같습니다. 가격은 좋은것 같은데 고민되네요.\n \n목요일분은 품절이고 다음 물량은 토요일인 것 같네요.',0,'fa0ee694c6826e06738e3f2699659d52dedbeb76',1,'2020-09-24 15:19:09',1,'2020-09-22 22:12:38','http://cooln.net/bbs/jirum/1479358?page=2'),(46,'[신한올뎃]스마일페이 모바일상품권50만(2만 p 적립)','2020-09-16 16:55:00','g마켓- 옥션 - 스마일페이 모바일상품권50만(2만 p 적립)\n \n10만원당 4000원할인꼴 (4%할인이라 보면될듯)\n \n할인율은 크지 않지만... 요즘 문상이 없어서리.. \n★ 본 상품권은 한정수량으로 선착순 판매됩니다.★★ 본 상품권은 영업일 기준 익일 발송됩니다.★ 해당 상품(1개당)에 한해, 구매시 마이신한포인트 20,000P 적립!★★ 포인트는 익월(10월) 30일까지, 구매하신 아이디 기준으로 적립됩니다.★★ID명의자가 본인 명의의 유효한 신한카드가 없는 경우 포인트 적립이 불가합니다★★해당 상품은 개인카드만 결제 가능합니다(법인카드 결제시 포인트 적립 불가)★해당 상품은 1인당 4개까지 구매 가능합니다.\n \n괜찮은듯해서 올려요.\nhttps://newmallthat.shinhancard.com/alhsec/ALHFM109N/ALHFM109R01.shc?althMllId=10001&althPdId=105109633\n \n.\n\n \nhttps://newmallthat.shinhancard.com/alhsec/ALHFM109N/ALHFM109R01.shc?althMllId=10001&althPdId=105109633',0,'2b56ef381aa8dab847b3a016f259e13ee5843259',1,'2020-09-24 15:19:09',1,'2020-09-22 22:12:42','http://cooln.net/bbs/jirum/1479309?page=2'),(47,'[플레이스토어] 사이터스2 (2,500->무료)... 9/16~9/19','2020-09-16 16:40:00','[플레이스토어] 사이터스2 (2,500->무료)... 9/16~9/19\n \n애플 앱스토어도 무료네요,  안드로이드 무료\n.\n다운기간 9/16~9/19\n ﻿[플레이스토어] \n사이터스2 \n(2,500->무료)\n구글 플레이스토어에서 ﻿100만 명 이상 다운로드하고 4.3의 평정을 받은 \"사이터스Ⅱ\"을 \n9월 19일까지 무료로 판매하고 있습니다.\n\nhttps://play.google.com/store/apps/details?id=com.rayark.cytus2',0,'4c9b38f2367d56364dce51bd1fe9d02747f6486e',1,'2020-09-24 15:19:09',1,'2020-09-22 22:12:46','http://cooln.net/bbs/jirum/1479306?page=2'),(48,'[G마켓]삼성 U28R550 28인치 4K UHD 모니터 361,340원(50,000원 할인)','2020-09-16 13:20:00','안녕하세요 \n쿨엔 눈팅만 하는 회원 눅눅한 쿠키입니다.\n기존에 사용중인 모니터가 고장난건 아니지만 \n딸래미 DSLR 사진 편집할때 해상도가 큰 사진이라\n이쪽 저쪽 드래그해서 옮겨 다니는게 신경쓰여서\nips 모니터중 너무 크지 않고 4k 지원되는 모니터를 사려고 했는데\n마침 쥐마켓과 억션에서 빅세일 진행할때 적용되는 모니터가 있어 나름 저렴하게 구매 하였습니다\n보통은 그냥 사고 마는데\n할인률이 괜찮은것 같아 공유해드립니다.\n제 구매 내역도 남겨두겠습니다.\n나중에 모니터 오면 간단한 사용기도 작성 할 예정입니다.\n절대 업체 관계자나\n바이럴이 아님을 알려드립니다.\n지마켓 빅세일 링크 \nhttp://event.gmarket.co.kr/event/2020/bigs/hangawi/tab1.asp\n \n\n혜택가가 341,340원으로 되어 있는데 \n실 결재금액은 361,340원 이고 구매 포토 후기, 리뷰등을 작성해야 \n각각 1만원 총 2만원해피머니 상품권을 증정하는 행사입니다.\n해당 지름 안내글은 리뷰가 아니므로 저는 이 게시글로 인해 판매점에서 받는 혜택이 1도 없습니다~\n \n아래는 제 결재 내역입니다. \n\n \n해당 모니터 다나와 검색시 최저가 추이까지 캡쳐해 올려드립니다\n최저가 추이는 현금가를 포함하므로 감안하여 봐주세요~\n \n\n \n혹시나 저와 비슷한 상황이라 구매가 필요하신 분들께 유용한 정보가 되시길 바랍니다.\n이상입니다.',0,'8008193501d306685ac41b8fbc3d2939eb690381',1,'2020-09-24 15:19:09',1,'2020-09-22 22:12:52','http://cooln.net/bbs/jirum/1479234?page=3'),(49,'[쿠팡] 로르 포르자 호환 캡슐 40개 (11,360원 / 개당 284원)','2020-09-16 10:34:00','쿠팡 로켓와우 회원만 주문 가능한 가격입니다.\n \n네스프레소 호환 캡슐로 40개에 11,360원이고 개당 284원 입니다.\n \n저도 다른 커뮤니티에서 핫딜 정보 보고 일단 2팩을 구입했는데 마셔보진 않아서 어떨지는 모르겠습니다.\n \n해당 커뮤니티에서 글을 올리신 분의 정보에 의하면 이 캡슐은 알루미늄 캡슐이라고 합니다.\n \n호환 캡슐 중에 플라스틱 재질로 되어 있는 캡슐은 추출 압력에 조금 문제가 있습니다.\n뜨거운 물이 캡슐을 통과하여 커피가 노즐로 나와야 하는데 압력에 문제가 있다보면 캡슐 내부를 통과하지 않고 맹물이 나오는 현상이 발생하기도 합니다.\n \n \n저도 맛은 크게 기대 안하지만 워낙 싸서 한번 주문했습니다.',0,'e6821cb642b64f2d6d6e1c9b43b5d784eef68eff',1,'2020-09-24 15:19:09',1,'2020-09-22 22:12:55','http://cooln.net/bbs/jirum/1479158?page=3'),(50,'[옥션]미친가성비 Qcy T1 Tws 무선이어폰 9800원/무료배송+종료','2020-09-16 08:00:00','싼맛에 저번달에 12000원에 샀는데 .....9800원(무료배송)에 오늘 떳네요.\n \n음질은 가격에 안맞게 정말 좋습니다. 3-4만원대 무선 이어폰과 견줄정도로...\n \n그냥 막 쓰실용도로 어떨지 생각되서 올립니다.\n \n해외배송이지만 비교적 빠르게 오는것같기도합니다. \n컬쳐쓰시고 무료배송이고 ....조건 나쁘지 않네요.^^ \n \n참고로 앱도 지원됩니다.\n\n \n문제있을시 자삭 하겠습니다.\n \n \nhttp://itempage3.auction.co.kr/detailview.aspx?ItemNo=B656700139&listqs=class%3dCorner.CategoryBest%26listorder%3d1&listtitle=%ba%a3%bd%ba%c6%ae100&frm2=through',0,'b4d2924fcd826f4799bb45d79a8f7c408fe6b5b3',1,'2020-09-24 15:19:09',1,'2020-09-22 22:12:59','http://cooln.net/bbs/jirum/1479119?page=3'),(51,'유니온페이 아마존 100불 결제시 20불 즉시 할인','2020-09-16 02:32:00','모든 유니온페이 카드 가능합니다. \n비씨카드 마이태그 하신분들이나 신한카드 응모하시면 중복 적용도 가능하시고 카드당 5번 할인 받을 수 있습니다. \n아마존 기프트카드 100불 구매 추천합니다.',0,'95315b3f15b911229019d5fd880fe51c0ae3d18b',1,'2020-09-24 15:19:09',1,'2020-09-22 22:13:03','http://cooln.net/bbs/jirum/1479069?page=3'),(52,'(펑)','2020-09-15 23:34:00','(조기종료 소리도 들려오는등 겸사겸사 펑합니다)\n다음에 여러 이벤트 깔끔하게 정리해서 소개해 드릴께요',0,'f7b3bfb45014911900b7ceae9a62cf2e2d8d92d5',1,'2020-09-24 15:19:09',1,'2020-09-22 22:13:07','http://cooln.net/bbs/jirum/1479045?page=3'),(53,'[뉴에그] $174.99 G.SKILL 립죠스 32GB (2 x 16GB) DDR4 3200 (PC4 25600) CL14','2020-09-15 17:58:00','https://www.newegg.com/g-skill-32gb-288-pin-ddr4-sdram/p/N82E16820232218\n \n링크글 그대로 누르시면 안되네요 ㅠㅠㅠ\n \n링크 복사하셔서 따로 주소창에 붙여넣기 하시면 온전히 보입니다.\n \n \n한국가보다 저렴하여 올립니다.  문제 있을시 알려주시면 삭제하겠습니다.',0,'ac2a66aa1de3798aee383b593d9649fe56a56294',1,'2020-09-24 15:19:09',1,'2020-09-22 22:13:10','http://cooln.net/bbs/jirum/1478962?page=3'),(54,'위메프오 KFC 무제한50프로 페이백','2020-09-15 16:51:00','무제한 페이백 이벤트를 다시하네요~~~ \n주의사항은 따로 나와있진않습니다.',0,'8d6dcd2f8b4370db7674b2ee1c34091d5ab273d3',1,'2020-09-24 15:19:09',1,'2020-09-22 22:13:14','http://cooln.net/bbs/jirum/1478938?page=3'),(55,'[플레이스토어] 무한더던전 :  RPG 게임(1,200->무료) (9/15~9/19)','2020-09-15 16:22:00','[플레이스토어] 무한더던전 :  RPG 게임(1,200->무료) (9/15~9/19)\n \n[플레이스토어] 무한더던전 : 방치형 광산 RPG 게임(1,200->무료)\n\n구글 플레이스토어에서 ﻿100만 명 이상 다운로드하고 4.2의 평정을 받은\n \"무한더던전 : 방치형 광산 RPG 게임\"을 9월 19일까지 무료로 판매하고 있습니다.\n\n원래는 1,200원의 유료 롤플레잉 게임이지만 공짜로 설치하고 광고도 없이 \n쾌적하게 게임을 무료로 플레이 가능합니다.\n\nhttps://play.google.com/store/apps/details?id=com.sosc.firstfantasy1super\n \n\n \nhttps://play.google.com/store/apps/details?id=com.sosc.firstfantasy1super',0,'8551bf31ec86dfdeb8f98eacfa6f6d96e9dcea35',1,'2020-09-24 15:19:09',1,'2020-09-22 22:13:18','http://cooln.net/bbs/jirum/1478930?page=3'),(56,'[위메프] 10900ka (649,820원), 10850ka (540,940원)','2020-09-15 15:51:00','재고가 얼마나 되는지는 모르겠는데 수시로 하는군요\n\n앱으로 확인하세요~',0,'89ad310f98ae95761775cb3d4103390110bc3a07',1,'2020-09-24 15:19:09',1,'2020-09-22 22:13:22','http://cooln.net/bbs/jirum/1478914?page=3'),(57,'[H몰] 폴리덴트 나이트 틀니세정제 36정 [3000원 / 무배]','2020-09-15 13:54:00','키캡 세척용으로 많이 쓰는 제품입니다. \n \n하나 사두면 편해요.',0,'075bbc31b4a0bee3e3ed4969e54c51572c23b666',1,'2020-09-24 15:19:09',1,'2020-09-22 22:13:26','http://cooln.net/bbs/jirum/1478763?page=3'),(58,'현대카드 -사용결제50%사용,  다시50%적립이벤트(티몬,g마켓 여러곳)','2020-09-15 11:58:00','현대카드 -사용결제50%사용,  다시50%적립이벤트(티몬,g마켓 여러곳\n,',0,'756712c0e5d2e7a19f32a578ff5e8086ec066f94',1,'2020-09-24 15:19:09',1,'2020-09-22 22:13:31','http://cooln.net/bbs/jirum/1478723?page=3'),(59,'[유비소프트]어쎄신크리드 오리진,오디세이 등등','2020-09-15 11:40:00','밑에 오디세이 할인글 보고 추가정보 올려봅니다\n\n \n\n \n오리진 오디세이말고도 어쌔신크리드 전부 할인하는거 같고 유비샵에있는 대부분게임 할인중입니다.',0,'ce03884e70253e05fba21c512d0f6c031ac66418',1,'2020-09-24 15:19:09',1,'2020-09-22 22:13:35','http://cooln.net/bbs/jirum/1478718?page=3'),(60,'(fanatical)저스트 코즈2, 91%할인(15$->1.34$)','2020-09-15 11:16:00','https://www.fanatical.com/en/game/just-cause-2?aff_track=CJ&CJEVENT=3a7ac449f6f411ea83cd00210a18050d&utm_source=CJ&cj_pid=7770860&cj_aid=13212017\n\n\n\n(fanatical)저스트 코즈2, 91%할인(15$->1.34$)\n\nFanatical에서$14.99달러의 저스트 코즈 2(Just Cause 2)를 \n9월 19일까지 91%할인된 $1.34달러에 할인판매하고 있습니다.\n.\n저스트 코즈 2(Just Cause 2)는 2010년에 출시된 오픈 월드 액션 \n게임으로 매우 넓은 맵을 자랑하며 다양한 총기와 이동수단을 이용 \n할 수 있습니다. 하지만 그에 따라 그래픽은 조금은 부족한 점이 있고 \n차량운전은 처음에는 익숙하지않아 어려운 점이 있는 게임이나 스팀에서\n 매우 긍정적인 평가를 받고 있으니 관심 있으신 분은 링크를 참고 \n하시기 바랍니다. 그리고 한글을 공식지원하지 않습니다\n \n.\n\n \n\n \n https://www.fanatical.com/en/game/just-cause-2?aff_track=CJ&CJEVENT=3a7ac449f6f411ea83cd00210a18050d&utm_source=CJ&cj_pid=7770860&cj_aid=13212017',0,'cc0dbbe0aef4d452374de97acb199a0f39b91f8b',1,'2020-09-24 15:19:09',1,'2020-09-22 22:13:39','http://cooln.net/bbs/jirum/1478708?page=3'),(61,'[위메프]AMD 라이젠 르누와르 노트북','2020-09-15 09:59:00','레노버 SLIM5-15AER\n4500U/8G/SSD256G/15.6인치/1.63Kg(예약판매)\n570,150원\n \n에이서 SF314-42 R5 씬스틸러 UP\n 4500U/16G/SSD256G/14인치/1.2Kg/USB-PD(예약판매)\n698,410원 \n \nMSI 브라보15 A4DDR\n4800H/8G/256G/15.6인치/RX5500M/1.96Kg\n960,160원 \n \nHP는 피카소라 패스하겠습니다. \n \nMSI는 게이밍이긴한데 그래픽카드가 어정쩡합니다.\n이동이 별로 없다 레노버.\n종종들고 다닌다 에이서 인거 같은데.(가격은 둘다 빅스가격이랑 비슷합니다.)\n레노버,에이서 둘다 예약입니다.시간여유 있으신분만 보세요.',0,'0c966c5e8c7b7ac7bb26725c1aa3592957e4c279',1,'2020-09-24 15:19:09',1,'2020-09-22 22:13:43','http://cooln.net/bbs/jirum/1478683?page=3'),(62,'[품절][하이마트]로지텍 G913 TKL \"클릭키\" 241,050원','2020-09-15 09:33:00','안녕하세요.\n \n예전에 어느 회원님께서 올려주셨는데요, 당시에는 리니어랑 택타일만 있었고 이번엔 인기가 제일\n \n많은 축으로 추정되는 클릭키만 있어 올려봅니다.(전용 루프 증정)\n \n아쉽게도 11번가 하이마트 포인트는 품절이라 적용할 수 없지만, 시중 가격 중에서는 최저가인 것 같습니다.\n \n- 정상가 279,000\n[SMART] 913G 키보드 쿠폰받기 20,000\n2020.08.21~2020.09.30\n \n- 카드혜택\n삼성 5% 청구할인 (1일 최대 10만원) 12,950\n전북 5% 청구할인 (1일 최대 10만원) 12,950\n씨티 5% L.POINT 지급 (1일 최대 10만원) 12,950\n \n- APP&L.pay결제 L.POINT 신청하기 5,000\n \n최대혜택가 241,050',0,'fb38d852538cd8723fb1090435f57b91f1524c8c',1,'2020-09-24 15:19:09',1,'2020-09-22 22:13:46','http://cooln.net/bbs/jirum/1478676?page=3'),(63,'[Amazon US] ACEPC Mini PC,Intel Celeron J3455 [$170.09/Free]','2020-09-22 19:25:47','소형 PC가 저렴한 가격에 많이 나오는데,\n  $200 이하로 2.5인치 SATA 포트 사용가능하고\n  2 HDMI 연결할수 있는 제품이 있어서\n  글 남겨 봅니다.\n\n  스펙은 다음과 같습니다.\n  8GB RAM/120GB mSATA SSD,4K HD Graphics,Gigabit Ethernet,Dual Band Wi-Fi,Bluetooth 4.2\n  Windows Pro 내장입니다.\n\n  사용평 읽어보니 HDMI 2개 포트가 있어서 \n  모니터 2개 연결해서 쓰기 좋다고 합니다. \n\n  원래 가격 :  $229.99\n  쿠폰 클립 : -$29.99\n  쿠폰 코드 : -$30.00   JOESE2DO  \n\n  구입비용 : $170.09\n\n  상위 새모델이 있기는 한데, \n  가격적으로 메리트가 있는것 같지는 않습니다.\n  https://www.amazon.com/ACEPC-i5-7200U-Upgradable-Business-Bluetooth-dp-B08H8Q54T9/dp/B08H8Q54T9/ref=dp_ob_title_ce?th=1amazon\n\n\n\n  현명한 구매 되시길......',0,'2be10c5912ccc4c66e3f9b2ef66da09943416e00',1,'2020-09-24 15:19:09',2,'2020-09-22 22:15:14','https://www.clien.net/service/board/jirum/15411502?od=T31&po=0&category=&groupCd='),(64,'[티몬] 핸드폰 에어쿠션 범퍼케이스 1+1+1 (1,900원 / 무료)','2020-09-22 17:44:21','말이 거창한데 걍 투명 젤리케이스죠. 3개 무배면 괜찮네요. 호환 기종이 생각보다 꽤 많아요.\n\n  그외 기타 등등과 기타 등등도 파네요.\n  (한건 주문시 우편배송, 두건부터 택배 발송입니다)',0,'c5fcb1326745a8ade0d46f04a4474c83a0c9cdfb',1,'2020-09-24 15:19:09',2,'2020-09-22 22:15:20','https://www.clien.net/service/board/jirum/15411250?od=T31&po=0&category=&groupCd='),(65,'[Amazon] Sabrent 1TB Rocket NVMe 4.0 Gen4 방열판 세트($180/freeshipping)(수정!)','2020-09-22 15:44:37','gen 4.0 지원 \n  사브렌트 입니다.\n\n  -- 타임딜이어서 구매딜의 내용을 바꿉니다.\n  쿠폰 부분에서 40불 쿠폰을 적용해야 해당 가격입니다.\n  직배 안되구요. 무조건 배대지 타셔야합니다.\n\n  - 순간적으로 가격이 올랐길래 내용을 바꿨는데, no 방열판 버전도 쿠폰적용이 되는 것 같습니다. 159불',0,'e010bd1043e5b64cce2ea8ce1bd7e868e616e21c',1,'2020-09-24 15:19:09',2,'2020-09-22 22:15:26','https://www.clien.net/service/board/jirum/15410888?od=T31&po=0&category=&groupCd='),(66,'토니모리 올인원 프레쉬 에센스','2020-09-22 13:42:11','평소에 쓰던 토리모리 올인원 1+1에 쿠폰 행사하네요\n\n  한가위쿠폰+토니모리 중복쿠폰쓰시면 12600원에 가능합니다(스크린샷은 제가 이미 써서,,,)\n\n  가격 괜찮은거 같아서 공유 합니다~\n\n  역시 귀찮...아니 바쁜 남자는 올인원이죠',0,'b6fb7e355bccf2256d03f49d60b94afed52724cf',1,'2020-09-24 15:19:09',2,'2020-09-22 22:15:31','https://www.clien.net/service/board/jirum/15410445?od=T31&po=0&category=&groupCd='),(67,'[AMAZON] EVGA DG-77 Matte Black Mid-Tower 케이스 (59.99$, 미국내무료)','2020-09-22 12:24:03','아직 안올라온거 같아 작성합니다.\n  미들타워 케이스이구 라이저카드 포함인것 같습니다.\n\n  검정색 한정 가격이며 \n  국내가격은 다나와 기준으로 블랙 182,000원입니다.\n\n  무게가 약 23파운드니까 해상배송으로 주문하면 10만원 언더 또는 전후로 구매할수 있을거 같습니다.\n  (확실하진 않습니다.)\n\n  저는 케이스보다 라이저카드가 탐이나서  지르려 하였으나 \n  지금 쓰고있는 프렉탈 케이스를 보며 참고 있습니다. ㅂㄷㅂㄷ..',0,'5f4df793542b6d80f5996c672aa4c0fe63f65949',1,'2020-09-24 15:19:09',2,'2020-09-22 22:15:37','https://www.clien.net/service/board/jirum/15410103?od=T31&po=0&category=&groupCd='),(68,'[AMAZON] 로지텍 G533 무선헤드셋 (74$, 직배불가)','2020-09-22 10:55:00','안녕하세요. \n  오랜만에 알구게에 글쓰는 야생곰입니다.\n\n  집에서 쓰던 한성 헤드셋이 고장나 헤드셋 구경하다보니\n  아마존에서 로지텍 무선 헤드셋을 할인하더라구요.\n\n\n\n\n\n\n  일단 할인률이 51% 라 매력적이고,\n  의미없는 국내 네X버 가격(13만원 대) 에 비교하면 꽤 저렴해 보입니다.\n\n  아쉽게도 국내 직배는 안되고 미국내 무료배송입니다.\n  가격이 적당하니 합배 하시면 더 이득일듯 싶습니다.\n  헤드셋 필요하신분은 한번 둘러보셔도 좋을것 같네요.\n\n\n  * 혹시 알구게 감이 아니다 싶으시면 댓글 부탁드립니다.',0,'f112e0aeec17e522cfbbc8f0847673fc7ba3f658',1,'2020-09-24 15:19:09',2,'2020-09-22 22:15:43','https://www.clien.net/service/board/jirum/15409605?od=T31&po=0&category=&groupCd='),(69,'[amazon] FX-Audio DAC-X6 Mini HiFi 2.0 DAC ($64.99 / 미국 내 fs)','2020-09-22 09:52:37','-> 코드 막혀서 [품절] 처리했습니다.\n\n  안녕하세요.\n  옆동네 올리고... 생각해 보니.. 끌량을 잊고 있었네요;;\n  아래 내용 동일하게 올립니다.\n   \n  최근 DAC에 관심이 있어 여러가지 제품을 찾아보고 있는데...\n  가성비 좋다고 이야기 많이 나오는 FX-Audio DAC X6 입니다. (NEW)\n  아마존 정가는 비싼편인데 코드 입력하면 나름 저렴하지 싶어 올립니다.\n  정가에서 60% OFF $25.99 라고 나오는데... 저는 어찌해도 $26 이네요.\n  색상은 Black / Silver 선택 가능합니다.\n   \n  결제 단계에서 아래 코드 입력하시면 됩니다.\n\n  배대지 비용 포함해도 국내나 알리 구매가보다 저렴해서 올려봅니다.\n   \n  코드: 609VI24J\n   \n  감사합니다.',0,'f0ea82665b56d7b03b49c975b3632c4113a20441',1,'2020-09-24 15:19:09',2,'2020-09-22 22:15:48','https://www.clien.net/service/board/jirum/15409337?od=T31&po=0&category=&groupCd='),(70,'[구글플레이] 오늘의 무료 어플 (2020년 09월 22일 안드로이드)','2020-09-22 09:32:58','- 받고싶은 어플이 유료로 나온다면 여기를 읽어주세요. [읽기]\n\n  ○ Peppa Pig (페퍼 피그): 재미있는 놀이공원\n\n  https://play.google.com/store/apps/details?id=com.peppapig.themepark\n\n\n  ○ AdShield - Ad blocker, No more ads & tracking\n\n  https://play.google.com/store/apps/details?id=me.plusnow.shield.stable',0,'b7af6ec310f87722a8cc841b605873692b004088',1,'2020-09-24 15:19:09',2,'2020-09-22 22:15:53','https://www.clien.net/service/board/jirum/15409269?od=T31&po=0&category=&groupCd='),(71,'[앱스토어] 오늘의 무료 앱 (2020년 09월 22일 아이폰)','2020-09-22 09:30:36','- 받고싶은 어플이 유료로 나온다면 여기를 읽어주세요. [읽기]\n  * 미국계정 가격기준입니다. 미국계정 변경방법. https://iloveapp.tistory.com/88 \n\n  ○ Match Attack!\n\n\n  https://apps.apple.com/app/id1484914890\n\n  ○ Retro Arcade Collection\n  아직, 평가가 없어서 약간은 걱정이 됩니다.\n\n  https://apps.apple.com/app/id1161070394\n\n  ○ Pixelizator\n  아이폰에서 간단히 모자이크 처리할 일이 있다면 이용하면 됩니다. 모자이크 기능만 있습니다.\n\n  https://apps.apple.com/app/id1449045698\n\n\n  ○ WorldAnimals\n  앱을 소개하다 보니 이런 것도 소개를 하는군요. 세계의 동물소리 앱입니다. 다른 나라의 동물의 소리는 어떻게 표기하는지 알려드립니다. 오디오도 지원을 합니다.\n\n  https://apps.apple.com/us/app/id1468446611',0,'188daa765f5b24e4484235cbc0f9e814097f0794',1,'2020-09-24 15:19:09',2,'2020-09-22 22:15:59','https://www.clien.net/service/board/jirum/15409258?od=T31&po=0&category=&groupCd='),(72,'[Xbox] Xbox Series X, S 사전예약판매 (9월 22일~25일)','2020-09-22 08:21:41','안녕하세요.\n\n  날씨만큼은 요즘이 참 좋습니다.\n\n  오늘, 새로운 콘솔 사전예약을 전해드리고자 이렇게 글을 씁니다.\n\n\n\n  1. 기간 : 2020-09-22(화) ~ 25(금) 오후 12시 (정오, 낮 12시, 밤 12시 아닙니다)\n\n  2. 사전예약 판매처 (아래 두 군데에서만 합니다)\n\n  1) 네이버 : https://brand.naver.com/xbox/shoppingstory/detail?id=2001528573&channelNo=100349419\n\n  직구매 링크 추가합니다.\n  1-1) Xbox Series X (580개) : https://brand.naver.com/xbox/products/5122981971\n  1-2) Xbox Series S (45개) : https://brand.naver.com/xbox/products/5122825302\n\n  2) 하이마트 : http://www.e-himart.co.kr/app/displayPlan/listPlanDetailPreview?searchBaseDate=2020-09-18-14:00&spdpNo=6588하이마트\n\n\n\n\n  3. 참고사항 : 위 사전예약은 기기값을 모두 지불하는 방식이지만, 추후 SKT에서 진행할 \'Xbox All Access\'의 경우에는 기기값을 (핸드폰과 비슷하게) 할부형식으로 24개월에 나눠서 구매하는 방식으로, 기기뿐 아니라 Xbox의 구독형 서비스인 게임패스 등도 같이 사용이 가능합니다. 따라서, 위 기기값이 초기에 부담이 될 경우 추후 공지되는 \'Xbox All Access\'를 노려보는 것도 좋은 대안일 수 있습니다. 한편, \'Xbox All Access\'의 경우 통신사 상관없이 구매가 가능하지만 SK고객만의 차별된 혜택을 검토중이라고 합니다.\n\n  한국에도 Xbox 유저가 많아지길...그리고 SK가 한글화에 신경쓴다고 하니 기대도 해 봅니다. 자, 달리시죠.\n\n  P.S. : 아, 구매버튼 보지도 못하고 끝났네요. 내가 왜 이런 글을 써 가지고...시간 되자마자 F5키 누르니 아래 화면 나오고 바로 품절이군요. 도대체 어떻게들 성공하신겁니~~~~까.',0,'2ca4cd6d3c302eb15ecd7640929fc6104a44cb70',1,'2020-09-24 15:19:09',2,'2020-09-22 22:16:04','https://www.clien.net/service/board/jirum/15409077?od=T31&po=0&category=&groupCd='),(73,'[Aliexpress] Huami Amazfit Neo 스마트 전자시계 ($34.99/무료배송)','2020-09-21 22:38:22','정가는 50불 알리에선 39.99에 팔리는데 이번 세일에 5달러 할인이 더 되네요.\n  자체 5달러 쿠폰이 보이면 사용하시면 되고\n  없으면 좀 돌아다녀보면 35달러 이상 5달러 쿠폰을 주더라구요.\n  아니면 결제할 때 2020KR916코드를 먹이세요.\n\n  호불호가 갈릴 디자인이라 (만원짜리 전자시계 디자인..) 취향에 맞게 구입하시면 되겠네요.. (그냥 몇만원 더 주고 GTR,S로 가는게..)\n  참고로 배터리는 한달가고 방수는 50미터입니다.',0,'cc84d634e28c73f5298fc2a74951db7d3b1c76b0',1,'2020-09-24 15:19:09',2,'2020-09-22 22:16:09','https://www.clien.net/service/board/jirum/15408365?od=T31&po=0&category=&groupCd='),(74,'[Aliexpress] 트렌드 스포팅 세일 9.21~9.26','2020-09-21 20:43:05','선착순 할인코드 (코드 안먹히면 끝난겁니다, 각 1회만 가능)\n  $35이상 구매시 $5 : 2020KR916\n  $50이상 구매시 $7 : 2020AE918\n  $65이상 구매시 $9 :  2020AE916\n  $80이상 구매시 $10 : 2020KR918\n\n  카드사 혜택 (카드번호 입력시 자동 적용, 1회만 가능)\n  삼성 마스터 : $50이상 구매시  $10 할인\n  신한 :  $50이상 구매시  $7 할인',0,'1529003c8abab4d2a84956369d75587a4b62bc31',1,'2020-09-24 15:19:09',2,'2020-09-22 22:16:15','https://www.clien.net/service/board/jirum/15408001?od=T31&po=0&category=&groupCd='),(75,'[스압/사진많음] 이케아 고양점 추석?세일 (10월 6일까지)','2020-09-21 17:14:07','안녕하세요. \n\n  이케아 고양점을 다녀왔습니다. 지난번과 마찬가지로 지금 세일하고 있는 품목들을 촬영해 나름대로 정리해 보았습니다. 리스트는 풍성하지 않습니다. 제가 시간이 없어서 주방기구 세일하는것은 촬영을 못했기 때문이기도 하지만, 이때 이케아 세일이 별로 눈에 띌만한게 없는 것도 있습니다. 다만, 접이식 식탁을 지금 15% 세일하고 있어서 그것 눈독들이셨던 분이 있다면 체크해보심이...\n\n  저의 블로그에도 같은 내용의 블로그 만연체로 적혀 있습니다 https://seoulsalee.tistory.com/199\n\n  아래 참고사항을 체크하시고 리스트를 보아주시기 바랍니다.\n\n  참고사항\n\n   아래 리스트는 이케아 고양점에서의 세일 품목이며 온라인 및 타 점포에서는 할인판매 하지 않을 수 있습니다.\n   제품의 품절 및 일시 재고 부족등 돌발상황에서는 세일이 중지될 수 있습니다.\n   해당 표시된 색상/사이즈만 세일 가능합니다. 다른 색상은 세일 품목이 아닐 수 있습니다.\n   이미지를 클릭하시면 사진을 좀 더 크게 보실 수 있습니다.\n   사진 촬영은 이케아 고양점 9월 17일에 촬영했습니다.\n   온라인에 나온 이케아 패밀리 세일과 중복된다고 생각하는 것은 제외했습니다.\n   이케아 패밀리 세일관련해서는 링크를 참조해주세요.\n\n\n\n\n\n  소파\n  클리판 콤팩트 2인용소파 / 138*87 바슬레 그레이 / 179,000원 ⇢ 139,000원\n\n\n\n  엑토르프 암체어 / 104*88cm / 할라르프 시리즈 / 299,000원 ⇢ 249,000원\n\n\n\n  베스토/셀스비켄 TV수납콤비네이션 / 195,000원 ⇢ 165,000원\n\n\n\n  에케트 4칸수납장 / 70*35*70cm 다크그레이 / 70,000원 ⇢ 50,000원\n\n\n\n  헴네스 TV장식장 / 148*47*57cm 라이트브라운 / 249,000원 ⇢ 199,000원\n\n\n\n  이케아 패밀리 멤버스 추석맞이 확장형 식탁 15% 할인- 구입전 이케아 패밀리 멤버스로 무료가입하시고, 세일 받으시면 됩니다. (10월 6일까지)\n  방스타 확장형테이블 / 120*180*75cm / 129,000원 ⇢ 109,600원\n\n\n\n  에케달렌 확장형테이블 / 180/240*90cm / 349,000원 ⇢ 296,600원\n\n\n\n  노르드비켄 확장형테이블 / 152*223*95cm / 499,000원 ⇢ 424,100원\n\n\n\n  에케딜렌 바테이블 / 120*80cm 브라운 / 249,000원 ⇢ 199,000원 (사진이 없네요 죄송합니다 ㅠ)\n\n\n\n  노르드뮈라 의자 / 대나무/화이트 / 49,900원 ⇢ 39,900원\n\n\n\n  잉올프 의자 / 화이트 / 79,900원 ⇢ 69,900원 (새로이 가격을 내린 품목으로 보입니다)\n\n\n\n  테리에 접이식의자 / 19,900원 ⇢ 16,900원니세 / 접이식의자 / 14,900원 ⇢ 12,600원\n\n\n\n  잉아토르프 드롭리프테이블 / 65/123*78cm / 179,000원 ⇢ 152,100원\n\n\n\n  쉬레 스툴 / 블랙 / 19,900원 ⇢ 14,900원\n\n\n\n  마지막 기회 / 비우르스타 / 69,900원(아마도 재고가 계속 안빠지나 봅니다...)\n\n\n\n  파사르프 서랍매트 / 50*96cm 그레이 / 10,000원 ⇢ 5,000원 \n\n\n\n  베칸트 책상스크린 / 120cm 그레이 / 120,000원 ⇢ 90,000원\n\n\n\n  닐세리크 스탠딩 서포트 / 화이트/비슬레 그레이 / 69,900원 ⇢ 49,900원\n\n\n\n  휠레스타드 포켓스프링매트리스 / 180*200 미디엄하드/화이트 / 599,000원 ⇢ 419,000원\n\n\n\n  순드비크 어린이테이블 / 76*50cm 화이트 / 49,900원 ⇢ 39,900원\n\n\n\n  부숭에 옷장 / 80*140cm 화이트 / 149,000원 ⇢ 119,000원\n\n\n\n  랑우르 주니어/유아용의자+트레이 / 99,900원 ⇢ 94,900원\n\n\n\n  이상입니다. 그리고, 공홈에서 퍼온건데, 추석맞이 냄비랑 프라이팬, 그리고 식품보관용기등을 25% 세일하고 있다니 이것도 참고하시면 좋을것 같습니다.\n\n\n\n\n  읽어주셔서 고맙습니다.',0,'c52d1e871f086d1db6f4caf90ac4d61dc86af787',1,'2020-09-24 15:19:09',2,'2020-09-22 22:16:21','https://www.clien.net/service/board/jirum/15407384?od=T31&po=0&category=&groupCd='),(76,'ms 어고노믹 마우스 쓰시는분? (4만원)','2020-09-21 14:04:45','마이크로소프트 어고노믹 마우스 입니다.\n  한가위 쿠폰먹이면 배송비 2500원까지 합해서 4만원 조금넘게주고 살수있습니다.\n  평소보다 싼데 비싸네요\n  이건 왜 이렇게 비싼지 이해가 안가는 마우스인데, 여전히 인기가 있으니...\n  아무튼, 이 마우스만 쓰시는분들은 지금 사시는걸 추천드립니다. \n  저도 회사에서 쓰다가, 더블클릭 및 고스트 클릭(클릭이 씹힘)현상이 생겨서 하나 사려고 보니, 마침 세일하네요.\n\n\n  해당 화면에 쿠폰다 받으신다음,\n  쿠폰 적용을 꼭 하셔야합니다.\n\n\n\n\n  http://item.gmarket.co.kr/Item?goodsCode=1852990021Gmarket',0,'c7c86b4f30f76c928f9d8ec4e3e55f56975fd5ac',1,'2020-09-24 15:19:09',2,'2020-09-22 22:16:26','https://www.clien.net/service/board/jirum/15406768?od=T31&po=0&category=&groupCd='),(77,'[구글플레이] 오늘의 무료 어플 (2020년 09월 21일 안드로이드)','2020-09-21 08:08:08','- 받고싶은 어플이 유료로 나온다면 여기를 읽어주세요. [읽기]\n\n  ○ Summer Pro - Ad Free\n\n  https://play.google.com/store/apps/details?id=com.rohitpailwangames.summerpro\n\n\n  ○ RowRow - 로우로우\n\n  https://play.google.com/store/apps/details?id=com.waywaystudio.rowrow',0,'9d3ae75ec5425078b50cb8599e2317a59129c73f',1,'2020-09-24 15:19:09',2,'2020-09-22 22:16:31','https://www.clien.net/service/board/jirum/15405586?od=T31&po=0&category=&groupCd='),(78,'[앱스토어] 오늘의 무료 앱 (2020년 09월 21일 아이폰)','2020-09-21 08:07:11','- 받고싶은 어플이 유료로 나온다면 여기를 읽어주세요. [읽기]\n  * 미국계정 가격기준입니다. 미국계정 변경방법. https://iloveapp.tistory.com/88 \n\n  ○ Where Shadows Slumber\n\n  https://apps.apple.com/us/app/id1221749074\n\n  ○ Driven: Focus & Achieve\n\n  https://apps.apple.com/app/id1393232104',0,'4a0b3fb9d37b00ffd1fdbaba34a9978085506e85',1,'2020-09-24 15:19:09',2,'2020-09-22 22:16:35','https://www.clien.net/service/board/jirum/15405584?od=T31&po=0&category=&groupCd='),(79,'AKG N400 완전무선 이어폰 (185,000, 무료배송)','2020-09-20 14:39:20','AKG N400 완전무선 이어폰\n  - G마켓 / 옥션에서 N400 이어폰을 빅 세일 이벤트를 통해 저렴하게 구매하실 수 있습니다.\n      - 빅세일 쿠폰 20%를 사용하시고\n      - 하만 7% 중복할인 쿠폰을 사용하시면 \n      - 최종 가격이 138,000 원 입니다.\n            - 스마일 캐시를 전액 사용 시 : 138,000 * 0.92 = 126960 로, 다나와 / 에누리 기준 지난 6개월 최저가입니다.',0,'979b0b5e84131375a99f817d9ac195b6a0fcbf59',1,'2020-09-24 15:19:09',2,'2020-09-22 22:16:40','https://www.clien.net/service/board/jirum/15403598?od=T31&po=0&category=&groupCd='),(80,'[Pullup&Dip] 야외용 포터블철봉 (€146/직배€49=27만원)','2020-09-20 12:01:00','좀 마이너하지만 몇년전부터 눈여겨보던 상품인데 10% 행사를 해서 올려봅니다.\n\n  월드풀업데이(WPD;; 실제로 그런게 있는지는 처음알았네요)라고 해서 구입할때 WPD 세글자를 바우쳐로 넣어주면 됩니다.\n\n\n\n  링크 건 상품은 페인트칠이 까진 정도의 B급 상품인데요, \n\n  신품 229 유로보다 많이 깎아줘서 저도 이걸로 주문했습니다.\n\n\n\n  페이팔을 지원하기 때문에 BC글로벌 or 유니온페이 할인 행사 사용하시면 저렴할 것 같습니다.\n\n\n\n  직배고 코로나 때문에 배송까지 약 20일 정도는 예상해야 되는것 같습니다.\n\n  신기한게 제가 월초에 시킨게 어제자로 집근처 우체국까지 들어왔는데 통관없이 한국까지 들어오네요. \n\n  그래서 추가 세금을 안내고 받게 생겼는데 이게 운인건지 이 상품 시키면 다 이런건지를 모르겠습니다 ㄷㄷ\n\n  https://www.pullup-dip.com/pull-up-dip-bar-outdoor-b-good',0,'fb49b3ce8adf447cfbafd0435ea19f0f2e991dcf',1,'2020-09-24 15:19:09',2,'2020-09-22 22:16:46','https://www.clien.net/service/board/jirum/15403193?od=T31&po=0&category=&groupCd='),(81,'[이마트] 레이저 오나타v2 카드할인 99,000원','2020-09-19 19:25:41','찾던 기계식 키보드 중고가로 구매했네요.',0,'3040f39afa3148d445e9cc84116daec74f2e7874',1,'2020-09-24 15:19:09',2,'2020-09-22 22:16:51','https://www.clien.net/service/board/jirum/15401628?od=T31&po=0&category=&groupCd='),(82,'(롯데마트)하겐다즈 파인트 7,500','2020-09-19 19:08:41','https://www.lotteon.com/search/search/search.ecn?render=search&platform=m&mallId=4&q=%ED%95%98%EA%B2%90%EB%8B%A4%EC%A6%88\n   \n   \n  롯데마트에서 하겐다즈를 7,500에 팝니다.\n   \n  5만원 넘을 경우 2천언 쿠폰 적용할 수 있고\n   \n  4만원 넘을 때 무료배송입니다.\n\n  /Vollago',0,'c25c119a065e33dc0c0352875d63dc078e89fdc1',1,'2020-09-24 15:19:09',2,'2020-09-22 22:16:56','https://www.clien.net/service/board/jirum/15401577?od=T31&po=0&category=&groupCd='),(83,'[Newegg] 마제스탠드(Majextand) $24.6 (블랙) / $28.8 (실버)','2020-09-19 06:39:41','구입하려고 보니 마침 프로모가 있네요. 프로모 코드 CLEARANSEP44 입력하면 40% 할인되고 아마 인당 하나만 되는 듯 합니다.\n  구입하고 다시 넣어보니 에러가 나네요. 일단 전 실버로 $28.8+택스 결제 됐습니다. 미국은 무료 배송 되는데 한국은 모르겠네요.\n  블랙 색상은 위 주소에 있고 실버는 https://www.newegg.com/majextand-mjx100-1-stand/p/N82E16834968112newegg 입니다. 스그는 없는듯?\n\n  상당히 평이 괜찮은 스탠드로 알고 있고요. 처음에 미제스탠드로 읽어서 당황했는데 대만제입니다^^;;',0,'24a771873d7497ccfec524eabe51813a603a86a4',1,'2020-09-24 15:19:09',2,'2020-09-22 22:17:01','https://www.clien.net/service/board/jirum/15399777?od=T31&po=0&category=&groupCd='),(84,'몽블랑 유니세프 만년필 잉크 50ml 34300원','2020-09-19 01:34:27','몽블랑 유니세프 잉크입니다. 발색이 유니세프의 예쁜 하늘색이라서 나름 인기있었던 잉크로 기억하네요.\n\n  패키지에는 문맹퇴치를 상징하기 위해서 세계 주요 문자들의 첫 글자가 그려져 있는데요, 특이하게도 시리즈 전체적으로 한글의 \'가\'가 주인공이라서 한국에서 나름 호평이었습니다.\n\n  참고로 유니세프의 하늘색은 UN의 색상에서 가져온 것이며 전쟁을 상징하는 붉은색의 보색이라고 합니다. \n\n  정가는 49000원입니다. 면세점에서도 34$정도 했던걸로 기억해서 가격적으로 양호한것 같습니다.\n\n  수익금의 일부가 유니세프의 문맹 퇴치 운동에 기여됩니다.',0,'93bb84a532c3d2a715fc0f1da8c2b8d5d63fbf0d',1,'2020-09-24 15:19:09',2,'2020-09-22 22:17:05','https://www.clien.net/service/board/jirum/15399569?od=T31&po=0&category=&groupCd=');
/*!40000 ALTER TABLE `posts` ENABLE KEYS */;
UNLOCK TABLES;

--
-- Table structure for table `redirects`
--

DROP TABLE IF EXISTS `redirects`;
/*!40101 SET @saved_cs_client     = @@character_set_client */;
/*!50503 SET character_set_client = utf8mb4 */;
CREATE TABLE `redirects` (
  `id` int NOT NULL AUTO_INCREMENT,
  `path` varchar(30) COLLATE utf8mb4_unicode_ci NOT NULL,
  `redirect` varchar(255) COLLATE utf8mb4_unicode_ci DEFAULT NULL,
  `created_at` datetime NOT NULL,
  `updated_at` datetime NOT NULL,
  PRIMARY KEY (`id`),
  UNIQUE KEY `path` (`path`),
  KEY `redirects_path` (`path`)
) ENGINE=InnoDB DEFAULT CHARSET=utf8mb4 COLLATE=utf8mb4_unicode_ci;
/*!40101 SET character_set_client = @saved_cs_client */;

--
-- Dumping data for table `redirects`
--

LOCK TABLES `redirects` WRITE;
/*!40000 ALTER TABLE `redirects` DISABLE KEYS */;
/*!40000 ALTER TABLE `redirects` ENABLE KEYS */;
UNLOCK TABLES;

--
-- Table structure for table `sites`
--

DROP TABLE IF EXISTS `sites`;
/*!40101 SET @saved_cs_client     = @@character_set_client */;
/*!50503 SET character_set_client = utf8mb4 */;
CREATE TABLE `sites` (
  `id` int NOT NULL AUTO_INCREMENT,
  `name` varchar(40) COLLATE utf8mb4_unicode_ci NOT NULL,
  `link` text COLLATE utf8mb4_unicode_ci NOT NULL,
  `memo` text COLLATE utf8mb4_unicode_ci NOT NULL,
  `created_at` datetime NOT NULL,
  `updated_at` datetime NOT NULL,
  PRIMARY KEY (`id`)
) ENGINE=InnoDB AUTO_INCREMENT=7 DEFAULT CHARSET=utf8mb4 COLLATE=utf8mb4_unicode_ci;
/*!40101 SET character_set_client = @saved_cs_client */;

--
-- Dumping data for table `sites`
--

LOCK TABLES `sites` WRITE;
/*!40000 ALTER TABLE `sites` DISABLE KEYS */;
INSERT INTO `sites` VALUES (1,'쿨엔조이','http://cooln.net/bbs/jirum/p1','쿨엔','2020-09-20 22:57:38','2020-09-20 22:57:39'),(2,'클리앙','https://www.clien.net/service/board/jirum','클량','2020-09-21 14:47:16','2020-09-21 14:47:16'),(3,'뽐뿌','http://www.ppomppu.co.kr/zboard/zboard.php?id=ppomppu&divpage=63&page=1','뽐뿌게시판','2020-09-22 23:37:59','2020-09-22 23:38:00'),(4,'뽐뿌','http://www.ppomppu.co.kr/zboard/zboard.php?id=ppomppu4&divpage=21&page=1','해외뽐뿌','2020-09-22 23:37:59','2020-09-22 23:38:00'),(5,'퀘이사존','https://quasarzone.com/bbs/qb_saleinfo?page=1','퀘이사존','2020-09-22 23:37:59','2020-09-22 23:38:00'),(6,'어미새','https://eomisae.co.kr/index.php?mid=fs&sort_index=regdate&order_type=desc&page=1','어미새 인기정보','2020-10-15 13:38:48','2020-10-15 13:38:48');
/*!40000 ALTER TABLE `sites` ENABLE KEYS */;
UNLOCK TABLES;

--
-- Table structure for table `subscribes`
--

DROP TABLE IF EXISTS `subscribes`;
/*!40101 SET @saved_cs_client     = @@character_set_client */;
/*!50503 SET character_set_client = utf8mb4 */;
CREATE TABLE `subscribes` (
  `id` int NOT NULL AUTO_INCREMENT,
  `keywords` varchar(255) COLLATE utf8mb4_unicode_ci NOT NULL,
  `phone` varchar(13) COLLATE utf8mb4_unicode_ci NOT NULL,
  `send_left` int DEFAULT '0',
  `is_use` tinyint(1) DEFAULT '1',
  `created_at` datetime NOT NULL,
  `updated_at` datetime NOT NULL,
  `user_id` int DEFAULT NULL,
  PRIMARY KEY (`id`),
  KEY `subscribes_keywords` (`keywords`),
  KEY `subscribes_send_left_is_use` (`send_left`,`is_use`),
  KEY `user_id` (`user_id`),
  CONSTRAINT `subscribes_ibfk_1` FOREIGN KEY (`user_id`) REFERENCES `users` (`id`) ON DELETE SET NULL ON UPDATE CASCADE
) ENGINE=InnoDB AUTO_INCREMENT=104 DEFAULT CHARSET=utf8mb4 COLLATE=utf8mb4_unicode_ci;
/*!40101 SET character_set_client = @saved_cs_client */;

--
-- Dumping data for table `subscribes`
--

LOCK TABLES `subscribes` WRITE;
/*!40000 ALTER TABLE `subscribes` DISABLE KEYS */;
INSERT INTO `subscribes` VALUES (26,'닭가슴','010-2667-8822',759,0,'2020-09-28 22:21:16','2021-05-19 12:09:36',1),(40,'아웃백,outback','010-2667-8822',84,1,'2020-10-31 23:54:07','2021-06-29 13:04:19',1),(42,'wear,웨어하우스','010-2667-8822',64,1,'2020-11-08 03:41:33','2021-07-06 22:59:01',1),(43,'드라이기','010-2667-8822',71,1,'2020-11-15 13:38:29','2021-06-22 17:07:02',1),(51,'나이키','010-2667-8822',50,0,'2020-12-18 20:17:23','2021-07-30 11:55:55',1),(75,'제피러스,제피로스','010-2667-8822',100,1,'2021-05-19 12:08:24','2021-05-19 12:08:24',1),(77,'샘소나이트,samsonite','010-2667-8822',98,1,'2021-05-31 22:41:08','2021-07-04 06:00:02',1),(78,'아이폰12','010-2667-8822',7,0,'2021-07-29 23:49:38','2021-07-29 23:50:53',1),(81,'아이폰13','010-2667-8822',52,0,'2021-07-30 13:26:42','2021-07-30 13:26:42',1),(82,'아이폰13','010-2667-8822',52,0,'2021-07-30 13:28:34','2021-07-30 13:28:34',1),(83,'아이폰13','010-2667-8822',52,0,'2021-07-30 13:29:13','2021-07-30 13:29:13',1),(84,'아이폰13','010-2667-8822',52,0,'2021-07-30 13:29:27','2021-07-30 13:29:27',1),(85,'아이폰13','010-2667-8822',52,0,'2021-07-30 13:29:54','2021-07-30 13:29:54',1),(86,'아이폰13','010-2667-8822',52,0,'2021-07-30 13:31:02','2021-07-30 13:31:02',1),(87,'아이폰13','010-2667-8822',52,0,'2021-07-30 13:31:07','2021-07-30 13:31:07',1),(88,'아이폰13','010-2667-8822',52,0,'2021-07-30 13:31:17','2021-07-30 13:31:17',1),(89,'아이폰13','010-2667-8822',52,0,'2021-07-30 13:31:19','2021-07-30 13:31:19',1),(90,'아이폰13','010-2667-8822',52,0,'2021-07-30 13:32:08','2021-07-30 13:32:08',1),(91,'아이폰13','010-2667-8822',52,0,'2021-07-30 13:32:15','2021-07-30 13:32:15',1),(92,'아이폰13','010-2667-8822',52,0,'2021-07-30 13:35:44','2021-07-30 13:35:44',1),(103,'세탁기','010-6418-5286',0,1,'2021-08-01 14:04:57','2021-08-01 15:15:07',2);
/*!40000 ALTER TABLE `subscribes` ENABLE KEYS */;
UNLOCK TABLES;

--
-- Table structure for table `users`
--

DROP TABLE IF EXISTS `users`;
/*!40101 SET @saved_cs_client     = @@character_set_client */;
/*!50503 SET character_set_client = utf8mb4 */;
CREATE TABLE `users` (
  `id` int NOT NULL AUTO_INCREMENT,
  `username` varchar(10) COLLATE utf8mb4_unicode_ci NOT NULL,
  `created_at` datetime NOT NULL,
  `updated_at` datetime NOT NULL,
  PRIMARY KEY (`id`),
  UNIQUE KEY `users_username_uindex` (`username`)
) ENGINE=InnoDB AUTO_INCREMENT=3 DEFAULT CHARSET=utf8mb4 COLLATE=utf8mb4_unicode_ci;
/*!40101 SET character_set_client = @saved_cs_client */;

--
-- Dumping data for table `users`
--

LOCK TABLES `users` WRITE;
/*!40000 ALTER TABLE `users` DISABLE KEYS */;
INSERT INTO `users` VALUES (1,'roddy.oh','2020-09-22 16:38:10','2021-07-28 10:39:02'),(2,'woody.02','2021-07-30 11:24:46','2021-07-30 11:24:46');
/*!40000 ALTER TABLE `users` ENABLE KEYS */;
UNLOCK TABLES;
/*!40103 SET TIME_ZONE=@OLD_TIME_ZONE */;

/*!40101 SET SQL_MODE=@OLD_SQL_MODE */;
/*!40014 SET FOREIGN_KEY_CHECKS=@OLD_FOREIGN_KEY_CHECKS */;
/*!40014 SET UNIQUE_CHECKS=@OLD_UNIQUE_CHECKS */;
/*!40101 SET CHARACTER_SET_CLIENT=@OLD_CHARACTER_SET_CLIENT */;
/*!40101 SET CHARACTER_SET_RESULTS=@OLD_CHARACTER_SET_RESULTS */;
/*!40101 SET COLLATION_CONNECTION=@OLD_COLLATION_CONNECTION */;
/*!40111 SET SQL_NOTES=@OLD_SQL_NOTES */;

-- Dump completed on 2021-08-01 15:35:26
